x,y
0.9939223274697596,120.412255336563
1.0513833517431896,116.011988293968
0.8047222832627049,95.352409692964
1.0066721417669373,93.071434520829
1.0316051295853028,115.204257508724
1.0317038544551738,82.422904415063
1.0120200182665566,77.946316616285
0.9651499844753114,76.464669343678
0.9341479715425928,71.589436314678
0.9939346441256933,0.013592640468
0.979960187112501,0.001624378598
0.9758127502731048,0.00230159225
1.0477373176978624,0.001184864725
0.9886374127394539,0.000360825052
0.9747095966373384,0.06272105734
0.9762699149126985,0.055161069598
1.004221956576684,12.985730598386
0.9747165654086696,75.234336108669
0.9824140129038569,75.895272009788
0.994640460161526,75.89055542896
0.9851552681085001,75.52296633072
1.02095,0.000019825699
0.9852493102506235,0.030077545219
0.991345803227806,74.718416418019
1.0357637493245813,0.834679060502
0.9416776890052929,1.112920493002
1.0079725367738088,73.841244644748
1.0128864715362165,18.710935047276
0.9526392716125346,74.022472670594
0.9532560536218941,0.010469019839
0.9853852800487404,73.910751324109
1.0572791609926837,72.625435855164
1.0482084147322348,74.191850828304
0.9900654699415654,73.507713844672
0.9605961734508678,73.325135880477
0.9839300294895034,0.061348268269
1.0415657894283565,71.57334264158
0.9883377189666099,72.771001834607
1.0264980462529913,71.847878302985
0.9864260845810429,70.133428040924
1.0666546493518159,71.141488699152
0.9590446195498515,65.997658251843
1.0140206053072793,70.888502268399
1.0941100330414288,70.943091324892
1.0485221395751059,69.960041402942
1.0138290748317351,70.537013255154
1.0074394244701226,70.324793620984
0.9703010730096202,70.335186551868
1.0367753552919483,33.527545806574
0.9634998313506294,70.198688815841
1.0602591779850707,70.188563822574
1.049140376498424,70.077513164519
1.0141301105411575,70.047534453393
1.0298924507441987,70.049978336823
0.9517291862586462,70.043180366844
0.9375395910888648,70.039282367424
1.02093833761823,70.045041024627
1.0116007299918546,70.024325377972
0.962191359072496,70.02064469399
1.0340909288950424,70.026096174571
1.0355204453441955,70.028121327331
1.0331079363052247,70.018847642408
1.0101864888750012,70.025629707487
0.9546487713187366,70.021149508108
0.9607809122928596,70.017452130421
0.787272618252282,70.00000128854
0.9322399713409263,70.018899873952
1.0873511108844052,69.195792561678
1.062522211993903,68.853398306875
1.0714073347081472,65.402586845308
1.003474932585808,67.876409946834
1.0145150943277768,67.966953994894
0.9987958469174457,68.224874677785
1.0187279195351422,66.318619206772
0.9730994517017144,68.009521935132
1.0352608501398803,71.587256739107
0.7996263785338847,61.51980342487
0.9775431534898786,66.718782968069
1.0492630314922544,68.825227541544
0.9263588989190307,64.864128392762
0.9819825893644943,65.059669501433
0.9650485249864514,64.25830324394
1.0518076384972241,63.871577227221
0.9986920069185311,64.007400872959
1.041971292605666,63.613305445171
0,0.000002419563
0.966765020696862,66.408562807944
1.0048248801207085,63.660761096148
0.9741384210448848,67.458751494509
1.0223477489230328,59.985665883403
0.9301020940485666,58.308965458355
1.0417329487290017,61.618925180594
0.9646200514252664,59.66581088354
1.010269085203823,63.000547543682
0.9967936357052711,60.86079313191
0.9408345546260258,59.73155851295
0.9569667232264707,61.433924139148
0.9293440970314059,61.659570840568
0.9549458624836276,60.13011924541
0.9887514139736376,61.019936948917
1.087300149975312,59.470581543895
1.01671750369983,59.294408535952
1.0452346701232706,57.48931344899
0.9766911785429236,58.061893930684
0.9843318934055599,58.917382559211
1.052222996886267,58.776390977302
0.9768388832119558,58.675910070021
1.0168999028517942,59.647887686498
0.9854053813873581,80.558017280632
1.0211900927866153,59.129807854658
0.9770009005919155,57.459482302088
1.0063421035356503,57.692004140335
1.0360242135256634,35.155321058325
0.9943823206034628,50.263112909977
0.9836241499812017,56.92501582578
0.9667107388473352,56.202802942384
1.0478409620432334,55.698707630943
0.9877285012147691,61.666025139276
0.9985110886541709,57.000082283388
0.9637654709394486,56.62130379939
1.0420531596968903,52.520560979998
1.006295086317792,56.085815201863
0.9730201618031391,56.556707563396
1.0365754591098284,55.921476758622
1.0364695437370992,53.301970839334
1.0848325280839888,56.074440418831
0.967955976638849,56.245207041827
0.9697693312433535,56.133344288915
1.0367254725822947,55.608097907398
1.0175630253096248,55.979743799937
0.7168690826780177,54.361399059488
1.000017187432457,51.142537798368
1.038360003667877,54.629253936859
1.0273784294242387,51.677042756123
0.9410599503242729,54.721374848727
1.0235053920524764,54.044985245319
0.978346109775373,53.679314012584
1.0619689816615474,52.915201317624
0.9465853074307861,52.588461187997
1.047469901732856,50.630566931912
1.0538544133377503,52.162245449902
0.9487812803488008,54.085451631079
0.9521016357357304,51.27460141494
1.0052590791331908,49.708095716437
1.0010700332297335,50.385566009939
1.1013771362567217,50.333693605829
0.9879289644798606,50.639154112651
0.9406867076641636,51.415248455567
1.0341530089875095,50.385475299401
0.923810000388581,50.006984890733
1.0747800007236388,50.000384777198
0.9894900009955457,50.000222190313
1.001500005953585,50.000194057692
1.0906799983571036,50.000075643364
0.9812900016297469,49.999974616946
0.8820324687998292,48.754177873631
0.9609146691254103,49.435928970305
0.9539842960029197,48.648771089581
1.0562623666548319,49.201546147955
1.0244458101018075,49.224998390668
0.9694866094047414,49.704230820197
0.9495983093560036,47.889740183712
1.006241451464628,49.27079244214
1.0268286606842156,48.005326666789
1.1091404672705343,42.644493030741
0.9328022392368179,48.164502434197
0.9697337157329712,47.625121993153
0.9929280769095422,46.713962446779
1.0128190821996825,51.646624619236
1.0589750400187197,46.248161830536
0.9287539739482334,46.870928383209
0.988197847826094,44.463114698077
1.0254039859885984,45.255179651768
1.0165056050212298,45.326253654074
0.9726893142736215,45.245982426753
0.9867898435691403,45.481372675955
1.0506554118643112,45.086174390182
0.930907944058472,45.222373117088
1.106963823483656,16.085806960961
0.9486776242681874,46.234078579743
1.0437959848875447,41.787135716085
0.9119700094187764,44.005416046983
0.9962827594600862,43.126283551356
1.017331932312605,42.822848555102
1.0001015700502967,44.140763780874
1.0360491095543698,42.494734634867
1.1131651742011537,42.683226476317
0.9679986906465965,40.824422294082
0.9440456312787039,4.7239945542
0.961624647481445,40.904728902838
0.9546130507705392,16.923232340027
0.9366829611559468,41.079170968685
1.0077028920814228,41.470118349809
0.9847804896901888,41.113143748817
1.0190938480062675,40.799045364356
1.0416370063302414,40.877660042195
0.9593501516792032,40.652842053173
0.9918161498421051,40.720163472387
1.0167616998015707,40.170432568246
1.077455263603358,40.022108889946
1.0616365406003312,38.044159901075
1.0284899209701095,1.306911550737
0.9925398366846343,38.274990369308
1.1284605875415874,38.267589962896
0.8352187598503,38.750891962947
0.9145462134059423,36.722910324377
0.9626862740060154,33.08612741183
1.005361843609496,37.633566162817
1.0819085480895003,36.63808742221
0.9390136117744902,36.576114483496
0.9749613268427489,36.062257233143
1.025611047408283,35.788687276867
0.9617788763019183,36.718664864637
1.095291405891641,36.248702974282
1.0453887651314329,36.07690511844
1.0554199322526,35.610998457675
0.9877793454560213,35.712396335576
0.8949902855350579,0.016522963753
1.0741733595174077,0.020252261879
0.9347604349236623,0.021828605568
0.9516250031639052,35.715001708763
1.0673940000758322,35.625901815356
1.0168089852796682,0.028049996408
1.0277591586770078,0.023065855102
1.004843358016493,35.803557978574
1.0063489550419293,0.023066583306
1.0411975327614755,0.026497732149
1.0234947469097528,0.019642187871
0.9492081871661077,0.023380094741
0.9616446479312737,35.450118489796
0.9906357260790543,35.270444832364
0.9962759527810122,33.786279075739
1.0097441922467336,35.238239729428
0.9820369409915041,35.448324965794
0.9996216325358335,35.410874964144
0.9249836535529853,35.010980807741
1.1226443591229645,34.835532050763
1.0790311993678858,35.024284136692
0.9922808321789813,35.040446114785
0.9673198858823873,0.019327747695
1.1210193793524579,35.017335801301
0.8994128719449346,35.014294903783
0.8992993988499858,35.011731457454
1.072451266677918,35.012047357624
1.0129840430141657,35.011224730402
0.8984574803419744,0.020884381345
0.9724156395193067,0.019950401124
0.9748186364416462,33.557009239414
0.9896981771379467,34.624607657843
0.9776935194762283,34.481112475703
1.0597912998429426,33.8639740354
0.9764517477994401,36.554105227281
1.0489761181420636,0.02243883187
1.0042384646265528,33.098447856851
0.9688797835234908,33.074512320901
0.4678021447712713,33.293501090655
0.4986042301703447,33.24013177831
1.0685272039255729,31.60290551144
1.0355906306044296,33.509571209216
0.47581220958934334,33.144862204664
0.40790215015713716,33.098102109091
0.44685189908148604,33.093832725939
0.8984698245700543,33.025517625223
0.8895078672776736,30.604559901127
1.0077675414322869,32.685460347903
0.9114627679063586,32.756476217323
0.3803096812733121,32.091874167754
1.03079746231594,28.263318602786
0.4621438863705416,32.206229700286
2.6002838064016767,32.114132200472
2.5914007325980863,32.114981009731
0.44246985824224994,32.063212391228
0,0.071223382625
0.5333359075186476,32.065960436551
0,0.054277644965
0,0.035030899672
0.49783337282383294,32.005989749808
0.5368833186329153,32.002490228596
0.9422473646067813,30.73008550565
1.0809313494947916,31.629426381584
1.11063029148011,29.969739213571
1.0060795785647905,36.356493270713
1.0091632547938527,31.508147570337
0.9420621376927285,32.942961884883
0.9493977690305487,23.06200457501
1.1039501494100668,30.662976627102
1.0373072550218119,30.554811518121
0.9760603635233891,30.558287864317
1.0016639727595205,28.830920823788
1.001111258994767,30.48854015854
0.907601759698213,30.063787144284
0.9617183758589778,29.066888183665
0.9812193032321556,30.010434652464
0.9717133844278719,29.190978888439
1.0458218515004611,21.530225461936
0.9410668642789152,29.119763819288
1.0439418662497122,29.591208878361
0.9520874260239521,0.017456128359
1.0771633441868242,28.599306036648
1.0464570893550225,27.62782804541
0.6719124154201245,27.670380971633
1.058260823811566,26.498928470918
1.0719785509553457,27.062886979739
1.0269875030147702,27.339172908494
0.9630569201996979,28.08315414945
1.0100108514143902,27.876618953762
0.9956382418955759,26.957899957995
1.0537614598614782,26.816153697371
1.0543090095618302,26.943051709128
1.0925625755107704,26.763978959801
0.9784196275590988,26.348591882843
1.0486153913156784,26.505966896268
1.0797875047877805,22.828492394463
0.9490256272587285,25.525133744365
1.0390348984716733,26.425848270951
0.8869485997124089,25.843076580442
0.8968952915813313,25.410665579852
0.933594436387335,25.447463796928
1.0813163002068888,25.465094432615
0.9263537961811289,25.04596361381
0.9923687844207674,25.679823568001
0.9345239218947352,25.107410177487
1.0079692588968743,24.650567670886
0.9307513111933229,21.640621071086
1.0223591175952884,24.345174703024
1.0038403114773988,24.091806722743
0.8577862778284969,24.142867478517
0.9873519103184678,23.704755054584
0.942432940242433,23.914067960587
0.9579560873508732,23.895196240547
1.0216585157375704,23.531937216565
1.0371267306418837,23.455616941035
1.2375772590061658,23.213573846704
0.9571750464383798,22.892222087653
0.8807068578651452,22.260346613383
0.9089150159848419,22.66527349875
0.9771502728445127,21.831950085023
0.8104498391511638,22.39372492697
0.8381671207737647,2.37961493402
1.044743973348385,21.826578650035
0.9662188091516369,21.870048426111
0.8495946704692765,21.879360994104
0.9780945086663941,21.569959215236
1.047807731586695,18.849010570145
0.9817098240750206,21.462131648212
0.8441165574949487,21.303560066688
1.0504880541359505,21.770771507548
0.9242042579940309,21.740033137521
1.0787760033888036,20.839478524807
1.0049856002347277,20.802928246159
1.0054790824105393,20.682805948649
0.8865929822171383,20.888796857453
0.9462699660652372,20.330789992245
1.113841781884643,20.07630654665
1.0036166033563134,19.401055282515
0.9574028249487411,19.338974063231
1.128426096908341,19.529641751739
0.9980245611065068,19.396138827617
0.8504997861549615,19.004130035552
0.9544704775429923,18.966237616029
0.9507332729146146,18.969944964007
0.9789369106053831,19.065418997061
0.8887759282946592,19.075688762634
0.9649617908283868,18.899453035927
1.0565266231528172,18.583017867167
1.1032539295558776,18.846993406261
1.0158292091579095,18.780226844727
1.0118143657304834,18.977029907961
0.9693399189798177,17.771735084691
1.011502083468583,18.608764914728
1.0317688937719909,18.176778871384
0.8986070005807655,18.47585869676
0.9425508852100811,18.365376754436
1.0464642235772086,18.18562788463
0.901820026186299,18.252444532499
0.9974583060690839,18.0630969479
0.9399525725117054,17.855663112796
0.9241914351068479,21.672565856979
0.8866399819983483,17.738166597844
0.9126543196740015,19.584798696936
0.9791804160692233,17.311391154689
0.9715521446130171,17.592853514681
0.9571182028642798,17.314307107763
0.9912063913305579,17.194139080297
0.9775436750510647,17.168768492204
1.027300723151304,16.539363105921
1.013339983876999,17.173451367922
1.02728638032,17.129175703832
1.1469572219117417,16.644887913627
0.9673780666092685,16.985914077408
1.0085738466321754,19.22407314657
0.1746621291113925,10.0238168379
1.0328736847886613,16.787597346553
0.9925238280070683,15.991327070962
0.9512016428441613,17.66774011032
1.0328024952681523,16.468042413882
1.1800056805248043,16.288302949355
1.093954776341844,17.813888890003
0.9041578935894002,12.668538139432
1.1046392913084495,16.3395876344
0.8772457548046511,15.977496092693
1.0244778919708282,15.853760953787
0.9393079270153472,14.920735187527
0.9318182200935584,15.796278850903
0.8537864408652109,14.763361516124
0.9994899852544618,15.507854583656
1.0061592165373041,15.489199108393
1.0224320556091455,15.467712738414
0.9094609792741772,13.646078124055
1.0681147691013955,15.19851488031
1.072052228394714,15.145420869125
0.9504780677919762,12.369468568898
0.8495625182885147,13.96901331503
0.9797963863308501,13.758041357559
1.0451100084376903,15.039148880609
0.7877110284987872,14.700537469326
0.9411787894740046,14.541524016564
0.9849574604761162,14.246430938295
0.9062098351616511,14.43403382536
0.4956695941385514,10.75371071956
1.0164133176886978,13.313790168495
1.0967448536873394,14.170181031678
0.3580896919538276,14.131151133768
0.8863204483445544,14.028028666468
0.9514638402186714,13.415917696859
1.1287493768626715,13.595720630853
1.0356811012327696,16.300716337879
0.8962682479646291,13.698613584185
1.0851797047528902,13.473593796595
0.9401098356165898,13.659722100829
0.9621830503922253,13.634072796626
0.9452990953005398,13.206087215095
1.1229067067244918,13.467830665126
1.141124648076321,13.13757566086
0.9793529395366677,13.258379716541
0.893814333897329,13.19196016893
0.9015534463924355,12.760358476134
0.5816731980762535,12.011765459095
0.9409780724767238,12.966205010759
0.9781988471246029,12.955802056949
0.9980644351212747,12.936191389254
1.107887051825083,13.281620551754
0.9968340299372085,12.468700188657
1.0643401940205952,12.764744102074
1.0242234530447414,12.733261637741
0.9543647635392102,11.091810735541
1.0741771166590297,12.598307983687
0.9259658817106928,12.592514790663
0.9578441338482373,11.867174635239
1.0520362616698746,12.336922533563
0.6349802664594343,12.593912852732
1.0428396522531824,12.269731873729
0.9831547202439673,11.477737150546
0.9809430474009165,12.253226188867
0.9168899050718944,12.189172140688
0.8718890464477317,12.138177740067
0.9019340750587249,12.103533554303
0.9742597541726464,11.789268434539
1.075385195775507,10.746798651158
0.9312621822817149,11.787153026706
1.026835937078455,11.827170612155
0.9207633465575233,11.340605481848
0.8841101907497905,11.71315648992
0.7157442663167757,11.931516305683
1.0477789070630381,11.484254689919
1.0384720222532045,11.472817740349
0.9837409993463674,11.500730063679
0.9923269311207574,11.371928726765
1.0942238784111944,6.362144881585
1.071397119562646,11.548268833685
0.9808925976525524,11.408236068877
0.7979041842001624,11.416303402211
0.9541716188304646,11.097221262186
1.141988287036048,11.457839853792
1.0147366912391367,11.114558844762
0.9599928698950211,11.062348692098
1.1715795157484592,10.789795789359
0.9720999895568889,11.109403225426
1.027356903760378,11.211953996553
0.9842264192820108,11.012580122436
0.9812512731778059,10.88367108969
0.9192918481409711,8.211971230271
0.9628717956474532,10.752996873592
0.9502718852977623,10.823479522487
1.0608390905148584,10.532015690014
1.055016034077884,10.560853483939
1.1104596875684871,10.574331680149
1.103731664918671,10.346101885173
1.0814642108219652,10.470403469503
1.0615144537320835,10.3308703243
1.054407322909381,10.377907441713
0.9631521913203986,10.174528767945
1.0126646124636298,9.838497650493
0.8606033735827593,10.089069801698
1.1495184989636889,10.070327479278
1.1869943114495618,9.995324088065
1.0507933632063216,10.033853827761
1.0420810624998011,10.026028022292
0.8852787006297289,8.416815123116
1.0998438298697106,9.959559542435
0.9565130321315021,12.015946243625
0.8978479845189467,9.784124666734
1.2260760190167328,9.703770207878
0.9108751279082788,9.464501402108
1.1339529788320113,9.563502179371
0.9945080249876114,9.507186642647
0.9759476070651346,9.671600289399
0.6962263374644002,9.480201760298
1.1379766834555454,9.247503896302
1.0312652993572298,9.275201451016
0.8073490008066133,9.182374723274
0.8298224094571727,9.247185176975
1.103216245099815,9.11935676723
1.0324904943915616,9.089561637561
1.2142778081327654,7.573964484552
1.091971096607003,9.000949944747
0,63.000143485413
0.7650915692572484,8.634154994202
0.8372211489256296,8.728872894629
1.14527362234985,8.680616783347
0.8626988213624536,8.529311280972
1.0148220249165125,8.611592411204
1.0307450041041741,8.489785395279
1.2265850245236167,8.345036823625
0.8809027495384637,8.346912602792
1.0084164097401576,8.26757072034
1.0228296301323447,8.046514907051
1.0865995941013196,8.61491123868
0.8014722775634321,8.39079763708
1.073689293114107,8.079505261263
0.8917532217416051,7.781869007053
0.9162589150240281,8.19697517903
1.175749955198044,7.25345488292
1.0796953789151464,7.625737034159
0.9904788976201946,7.588358154547
0.9277027587718887,7.557722143737
1.1701116819356243,7.925386294291
1.1766356289295066,7.170601993457
1.123567255210908,7.428646304613
0.9938397818159448,7.127570465509
1.084353768341977,6.066612352971
1.0467843368941976,7.27416015889
1.0266251312503136,7.416437933116
1.0738542444005816,7.25930597156
0,7.237074786452
1.0773970023290107,7.186361222272
1.1065242047103914,7.084070917856
1.1383996504825338,6.895516679276
0.9463267092873638,7.143249744783
1.0345282537787777,6.949880610587
0.9274854840844076,7.065727353485
0.9866800045840551,7.0078163685
1.0289576808239749,6.747455164912
1.1091629831019902,6.392600650649
1.237783242443718,6.814945764325
0.7909418337146832,6.616131178848
0.8725538922470449,6.81011717406
1.0265893766287852,6.678348192864
0.41290481334782403,6.566588012029
0,2.2
0,2.4
0,2.2
0,2.2
1.0996978287656345,6.52003094894
0.9116317045005757,6.396542864383
0.8493525044748729,6.346167948389
1.128143818902954,6.504436928701
0.9307942161263496,6.511063975025
0.8745908569111999,6.347699464145
1.0194227560631146,6.261914065453
0,2.2
0.887797178373888,6.380158040598
0.8496507071674442,6.337078168285
0.9720983501137386,6.317139743618
0.9536512903233458,6.354825788725
1.0991326043438512,6.036076570197
0.9274148404761522,5.936643900456
0.8653891086769161,3.129196248353
1.016978993833006,6.103474059377
1.0190400789217195,6.175242931257
0.9530366171304481,5.762258745542
1.0513651847199288,6.049606872453
0.8508239568235252,5.970683550248
0.9445699754590552,6.01628125545
0.9637349942876556,5.81963769745
1.1068504484292139,5.9314573712
1.1240549664800417,5.924132942359
1.264443309741123,5.883439238427
0.8505960768614851,5.761171518051
1.0134106127948352,5.70062219485
0.8364492007704596,5.814109257207
1.01415985465352,5.580555213615
1.158658076290388,5.854295486984
0.9882246804984786,5.759575569895
1.2340493064334426,5.679938098192
1.2299460436112732,5.582445724122
1.0596886129496244,5.363644967583
0.9581593622769382,5.831250893035
0.9431951004440152,5.665476067343
1.0308157740639787,5.591036997517
1.0327899317337785,4.341327999957
1.036373964501395,5.555374584094
1.1318069216272906,5.409284956798
1.2038085877481322,5.021461435813
1.0985177932922865,5.622332177243
1.0305493845782747,0.00343539806
0.9075961078042998,5.472773593967
0.9901524153625745,5.336268601883
0.9411856484074322,5.597868048014
1.2018331035292187,5.337419654903
0.9070608515037772,5.211024188824
0.9740361440065705,5.327852629388
1.1526733627774506,5.189929999226
1.2344685253430476,5.222714627827
1.101371741915129,4.801982364737
1.1576094613453958,5.064175526762
0.8587419804490714,5.183513509697
1.0009858186131921,5.016028100699
1.072494598160283,3.599943880594
1.015339849114222,5.084751084604
1.2006165186305324,4.60160936989
0.7871877037605622,5.042928966733
0.9090662942425094,5.018838517705
0.9758933114549828,4.08150300608
0.9988754898724928,4.93985786019
1.0438970672145982,4.897903440661
1.0449603335198487,4.831563759608
1.1378302964277565,4.807202329522
1.0706870409011544,4.75418186698
1.0486313041592334,4.632050948955
0.8825815124437514,4.680810339687
0.8676312715996263,4.65033004889
1.4241970347100372,4.519045218549
1.2420577815954918,3.20339305911
0.9940140574555151,4.053053629248
0.9332568856365675,4.431018064695
1.1036989690643213,4.486102437986
0.9193448171032511,4.422445383545
0.9383136833277912,4.253443919251
1.0753891088129421,4.310715438798
0.14648238410458816,4.423284228
0.9379511791049396,4.270921781822
0.7060495927780653,4.225972536704
1.1619260802546774,4.241096320421
1.0955723161884137,4.129195300247
1.0178449448074909,4.303153995377
0.9132091300069914,4.194877436835
0.8812900221494743,4.115858668111
0.9227912762192063,3.611439176158
0.9498245016454027,4.096567365761
0.9871145407982171,3.089925098759
0.6786848676802204,3.892197855692
0.9250526787520073,1.406193306813
1.0126558045721845,4.022181341125
1.035949383797317,3.91872967375
0.9030820865546836,4.004387432427
1.0257497215846048,3.755248258417
0.9042622716432398,3.949765497143
0.8999426561439425,3.861522293441
1.1082249575696115,3.889234524382
1.002969881086979,3.602814739663
0.9091542073159772,3.812565343637
1.242744297934607,3.829372525287
0.9071417939711992,3.833137499082
0.724233602465258,4.644642131821
1.0626356206469323,3.832244195964
1.1072248726321692,3.747558698928
0.946523124337669,3.65061511986
0.9254100850064105,4.297110301682
0.7992905961955115,2.07029008795
1.3144329034231728,3.693177785619
0.9335286787927273,3.697355800736
0.9614710440494141,3.707222648348
1.1134661333607807,2.677612266772
0.9493165079734776,3.13263857653
0.9919589623823306,3.637219938828
0.996987332304276,3.506405009544
1.166721134017347,3.587680263503
0.994624999649433,3.521154574465
0.6068225170326688,3.277941691358
1.0739446138634703,3.549072468132
0.9613554105735806,3.562429487686
1.1032386921981514,3.463412060965
0.757416070025387,3.491537839945
0.9138072854467153,3.410547572859
1.0545399612219515,3.462262417296
0.9240808154801359,3.434945324445
1.1220780643480708,3.403831511365
0.9532020971512671,3.356751850845
0.8058639885792062,3.408381970718
0.8035357696191926,3.334151071072
0.5898996033582081,3.051722828589
1.3542626020091948,3.343286283334
0.7708433230545132,3.294664302223
1.0228985615397053,2.295826324878
0.8417009057379935,3.313585096955
1.267099942868216,3.206755317729
0.753847390369952,3.166925911119
1.1538880842904948,3.264859851259
1.0158294999846718,2.14645845317
1.148540665838863,3.201966373382
1.3130668450198721,3.082833663645
0.8800024755591017,3.163169784889
1.0931631923475638,3.142664149993
1.3964462049050483,2.495816358248
1.414187325562808,3.081746555291
0.8835361800670166,3.06818640753
1.0606475281054362,3.12008105294
0.9500956193649278,2.26792746911
1.0668127608565154,2.590666546059
0.8441214990045924,2.918615273748
1.194746471257892,2.905177508735
0.8614422061834526,2.840610947247
0.8674347662151279,2.994606211375
0.29204014691569624,3.001618767019
1.3934054178826527,2.999161805079
1.2335986983759908,1.734269271349
0.9799423286682764,2.729531407303
1.0256950670139202,2.522364338649
1.0645763444495695,2.836416403889
1.075795740678901,2.678405454959
1.012339130395803,2.127312428743
0.7580751824186924,2.82949490038
1.0490988767396887,2.817935197096
0.8410686337147184,1.818214358925
1.110811888521582,2.827080261123
0.8856898219043063,2.783350510969
1.0449927042860732,2.781244026961
1.0007144327155757,2.746691997183
0.7812096125468624,2.556044107522
0.978081049155147,2.721807078893
0.9491532257388683,2.716481016449
1.0293800198145342,0.688794305009
1.1846453032446456,2.847452490209
0.9355816940138005,2.526327958946
0.6131747776353361,2.664312038541
1.2623788230655537,2.645721586659
0.8826743561841548,2.630842244566
0.5045982234651943,2.604715499742
0.9083453312808414,1.918216672054
1.0826656336287963,2.563623366699
0.8527197220817486,2.566455825034
0.4265801056407434,2.520769222795
0.9728912424188344,2.475450335478
0.735767559102925,2.270393476269
0,2.515835405953
0.9431468030022151,2.284555523349
1.0966235879249202,2.4125509327
1.1430143607789804,2.445611459146
0.7988830348802215,2.491150619031
0.7530515053815986,2.394114157609
1.2388535953930968,2.423605748153
1.0861431264785915,2.336508612451
0.3476883807701546,0.303190648842
1.063449434824963,2.434426206631
1.1718255688172141,1.714830061615
0.7307584951135714,2.3707161242
1.1442306554586716,2.357565384298
0.8248627796963626,2.044073830288
1.1360856738225067,2.356273196005
0.8400252352913284,0.274299038341
1.0110692040535008,1.418589368817
0.9663876818930858,2.450377648033
1.1418382281148902,2.343179515545
1.0587579269201501,2.341102078281
0.7675341956754784,2.324847884423
0,1.774039446509
0.8718776438235558,2.23259280506
0.9568688033907322,2.244698864804
0.6496023658072165,2.220103344671
0.7393177103483326,2.043871773233
0.493068888402685,2.165905058017
0.9224099944310132,2.205177984973
0.9503968571156223,2.141987426284
1.225241522609952,2.02399628572
0.9572254380380871,2.256128233969
1.0679198278983324,2.136894596712
0,2.089668065685
0.40650330290478004,2.140135585156
0.6090298673675042,1.068184247969
1.0198234158256185,2.06506624205
0,2.050550718648
1.303975731427595,1.92295013505
0.9769834813634963,1.90315249917
0.7842495741780809,1.868081016465
1.3149471229069754,1.806974067773
0.5406074536542328,1.90001008026
0.7862475337877434,2.018780389696
0.8843342750577831,1.958392064795
1.1306773160500292,1.999228675995
0.9784831151912332,1.923358402456
0.7968060301848641,1.840194317421
0.9638499787473639,1.949982700974
0,1.941746450507
0.051092518447417586,1.70419067498
0.8752995628723801,1.917257139573
1.5794419964962925,1.887466292635
0.7954507341953322,1.803230141136
0.9576062559652235,1.81502566633
0.5749458507274542,1.791734197195
0.8926561874738494,1.469107096091
1.0490310551414033,1.834704244434
1.0561499639341367,1.839190159996
0.5384940622537242,1.826547526656
0.6311968755562546,1.812469671633
1.025652653996019,1.744407428692
1.0212024710064247,1.786840066042
1.1622012776595299,1.803023073608
0.915535159085756,2.369446254506
0.9828080297104171,1.556397620602
0.8130658953310033,1.722849872027
0.8358024955112113,0.103623692825
1.285456870058139,1.630152160836
1.3701554915333336,1.77710579138
0.6744419341503299,1.608213689013
0.7037402940697648,1.769874634664
0.8809007242878335,1.763495604348
1.073940532243307,1.678998728566
1.0852456517433164,1.691227616105
0,1.714728348545
0.10274510188225608,1.418620801564
0.8144367647678331,1.681511033107
1.5365230342460037,1.664036930681
0.8276409667075839,1.620059383065
0,1.409701100059
0.9923953604126547,1.648857223076
0.5071725799937951,1.605772503611
0.9133116480858894,1.599528473702
1.1970995274218623,1.073932087591
1.7964102400471775,1.344613169983
0,1.628364179306
0.8571519171315913,1.576166101802
0.7474055539471982,1.611177995003
0.7196806293493999,1.463839271626
0.5980030003996368,1.47474482722
0.5970355330580984,1.495839967414
0.20993160980475015,1.582160182255
0.3911504576550621,3.560285811277
1.0266188504151228,1.557628917202
0.6396163117694845,1.515380835784
0.9763552924694928,1.3607359477
0.8330004224203722,1.194465407393
0.7147962910371568,1.372156515265
0.7780682197277793,1.472363075571
0.9712630143119437,1.529595720358
0.9158401193904234,1.481865047415
0.7139364673634557,1.512896431911
1.2359613667644531,1.458189031622
0.9794517006998088,1.558197174804
0,1.516813980426
1.573529965739602,1.501522689769
1.3031600533394017,1.49894216714
0.8791146081044352,1.417019682311
0.9358805776420138,1.449986396058
1.2770048561782799,1.344819901461
1.151214538305281,1.438430471008
1.3238045092322077,1.354479874533
0.5910078596794871,1.344277291261
1.1086186374693885,1.394261652416
0.7758225846225654,1.426269448629
1.3943096552752021,1.407372727265
0.3201391944320878,1.362285681641
0.7747517540500062,1.644310657251
1.5481278492054074,1.38745807621
0.4767129777049383,1.35842114899
0.9204092604549854,1.406852085994
0.8521410097824714,1.29821843483
1.0417866179423334,1.393957236934
1.2368120525916528,1.319662001747
0.8628993020051139,1.247346210166
1.1357722542335171,1.347030692857
0.9772783192359016,1.342926918945
0.927297254688341,1.225521391446
0.6482246308142489,1.348068465532
1.1323831936749025,1.309198481847
1.5653506425943313,0.337588389835
1.4026815982107033,1.292730261587
0,1.294559605422
0.6434122555874973,1.363359832866
1.0361886733111065,1.354645899281
0.45035410605016757,1.300460121938
0.7129684207617781,1.382399499629
1.3478158619528415,1.30320207662
0.9505306064769948,1.306551533536
1.305422657256665,1.203059257131
1.3322989082025678,1.308471892385
0.6204089532580379,1.30233481581
0.998907038139003,1.219960249093
1.1517840673977882,1.194646980121
1.2581497255267204,0.585691739673
1.2499808825288772,1.129310385822
0,0.158877093307
1.6495861766323123,0.988447881393
0.9651372232060006,70.677629585922
0,1.227665333907
0.3591145625281204,1.247321543503
1.1260437899768183,1.209468581445
0.7836286041164842,0.253374760091
1.5147606433776777,1.24446460139
0.8819166174991814,0.618082750645
1.117657420151511,1.034489573509
0.5706198388080621,1.18689703379
0.574031764607925,1.00533511095
0,0.293098535287
0.934505941303771,1.045457066908
0.9984887569563868,1.163287347149
1.0974680239530776,1.178594297981
1.128935780240142,1.254837965874
0.5826181208123632,0.816074636459
1.2037160092138999,1.135964967234
0.8333569535566495,1.170645929778
1.1284579673249644,1.135740382797
1.041204850667519,1.10880764579
0.5198252857959278,0.134750720697
1.2902026410289678,1.017350174785
0.8805359715967913,0.032122494646
0.7923247995016112,0.573727350031
0.77554612998846,1.09989148136
0.5204455401877712,1.102006456993
1.3252802945558815,0.792958559458
0,0.341631237705
0,0.898590693883
0.46508051818091284,1.071119374453
1.2277953267485888,1.046491132303
0,0.017836729285
0.4809206663467582,0.979815565716
1.6642178023812948,1.01512703624
0.9602444308454371,0.806562374531
1.074829085112543,0.859839623093
1.2856270769211389,0.542858781171
0.4358336805939688,1.015605532141
1.2539849549890492,0.933082655251
0.49520960392678665,1.005921235575
0.8501623362199232,0.870952917692
0.9873375791047807,0.998725403068
0.6985599799981371,0.948762121183
1.4025643152103577,0.978095213985
0,1.248126940776
0.8163225132541945,0.819164152017
1.331059917374319,0.949821356355
0.9127937685746771,0.918881367554
0,0.639945281828
1.281475169893623,0.891514003974
0.5335547032520559,0.845430321933
0.524380040459556,0.902979850852
0.9917273604906188,0.330067715919
1.1251248221716965,1.039742373723
0.8752799370151202,0.420581808946
0,0.82629191136
1.5925916357029992,0.377212929669
1.1744437602355426,0.903121481357
1.002407003412107,0.968565383985
0,0.750354996467
0.7631326188127994,0.907033436302
0.9099131324111744,0.751506334087
0.4744513440536179,0.86233119237
1.411359082871667,0.240697915988
0.8887926101717292,0.834166329675
0.5483138218221612,0.829362108107
1.1524453606163003,0.853406526313
1.2388746249136977,0.943605219877
0.9027850664789645,0.678841846684
0.46489949471647357,0.875825773758
1.0244774204989613,0.64371027739
1.3496271345320598,0.87119936006
1.0269937078427973,0.768169680602
1.2690131113505605,0.889530536376
0.698454351305279,0.819248522784
0.8165562591427298,0.086247453633
0.8165431667280375,0.800455657899
0.23400129043477097,0.822255755014
1.1032118440512848,0.734522420182
0.11910723503822584,0.785694803767
0.7019503700931716,0.593079076276
0.36047,0.827545836008
0.5903872902284991,0.810062231252
0.6082931487722534,0.576039971261
1.0956681858922626,0.797453889188
0.7510684409884807,0.700014952004
0.3682735385198132,0.770435362984
0.7398699533929372,0.707449122217
0.24759295264177172,0.796032972059
0.8971443307621069,0.821542864256
0.6291006237767542,0.783028340576
0.6751801454974614,0.737442780706
0.6343864367215434,0.76780473748
0.8921294484280367,0.778184482379
0.7600638777817007,0.68071179097
0.9040892137237374,0.519762880792
1.6924529834989912,0.75551131417
1.8152151255644435,0.708554580287
0.5234314675953701,0.702806182311
1.0757068750957144,0.749861485598
1.9840302060469344,0.189682493186
0,0.750818830226
0.5385539011348404,0.748016035282
0.8039611908610035,0.682371280373
0.5442809969933251,0.738694370563
1.2142840018095182,0.636522628349
1.0981352019894335,0.630027450983
0.9552743584159656,0.705656983821
1.2325224267048454,0.696701125487
1.38571640646146,0.354179665463
1.5297743126432874,0.659524258293
1.4007450046959626,0.609577357236
1.0187790147766806,0.231631044514
0.49931437539269197,0.390559646844
0.14358461847217224,0.667788468434
1.0010783546829334,0.669231831135
1.739907661458325,0.541741561983
1.1993542818811376,0.676832996496
0.2984060049855859,0.193046159437
1.086385542920097,0.607740093143
1.770186584569787,0.618060187431
1.2377187791077382,0.659817530729
0.5803121085939346,0.647169035662
0.7506343872069198,0.372066297326
0.9107726279054436,0.349506555167
1.4156462177799498,0.544198087428
0.4432388941852175,0.394510443712
0.4613854537378877,0.56395476161
0.5945090844449433,0.644076469646
1.376202164853082,0.500469070125
0.5724714723767299,0.692617570194
0.7687543007762146,0.637533027748
1.243608410109559,0.625076475742
1.2130292051544957,0.634868865365
0.6467651354368115,0.612850130823
1.2566054751406452,0.632213620188
0.6352692699998176,0.525697253743
0.8303361190966025,0.536415509783
1.4168875837339305,0.607138711797
1.2977015396973723,0.54411497181
0.984386523946135,0.553811957418
1.1763091129405197,0.578342695018
0.9834875805710195,0.438212305458
1.0398779828981284,0.662856899564
1.1840596665390855,0.664287411401
0.9949804239237653,0.510799268001
1.3116412329403122,0.514206853644
0.4656790230056056,0.592017075865
0.469914530648698,0.607299630802
0.8209848923910371,0.569503276194
1.0539678005538484,0.575099093904
0,0.55010365791
1.044522482746163,0.572466087107
1.559255790320989,0.573648487839
0.5208683045627466,0.54978725656
0.8946162240746393,0.548393048732
0.3529104680110438,0.299141692892
0.5360277414305359,0.496405919936
0,0.554879940795
0,0.294939711189
0.7255379961550522,0.489275739946
0,0.546012656585
0.9422681442555213,0.533662807499
0.7334250361266043,0.503017679474
0,0.528375637908
1.1121631196519284,0.39635125277
0,0.530334863209
0.9356091800894002,0.109799831904
0.9339604858715096,0.477279361509
0,0.527673564268
0.7611341601677617,0.149699845356
1.5381597720206641,0.48234541751
1.4916765497958173,0.519997721381
0.44907509270988416,0.66588952288
0.5674928292232122,0.502812586471
0,0.457813613889
0.5818830169913908,0.478681837229
1.1401910210330155,0.434663348407
0.9931558197264964,0.097335483915
1.3823437493185953,0.353295960558
0.38699629838384536,0.403626164936
0.1967094617476874,0.015318119301
0.5980817722741975,0.490160140267
1.0952546660129778,0.468279109945
0.7917910305504839,0.49233547729
1.0023892514931745,0.435166291601
0.9786346072155315,0.566396284756
0,0.177109348655
0.4169621759405915,0.424542734403
1.5073774269520832,0.428118181364
0.8215402720977862,0.47070582228
1.0373381504157986,0.372799886037
1.97593223411436,0.402648086435
0,0.399058667778
1.271632425650285,0.397238756316
0.4435048561190323,0.376515402247
0,0.073430525789
0.4565503124029565,0.430212290324
0,0.147262043474
0,0.317207035721
0.6948648586849483,0.410785446676
1.3976100687339914,0.176696051962
1.4263251513458357,0.233902743221
0.9318688184886038,0.224786553657
0.46864521210638144,0.28566051679
0.6874335238711584,0.422596631168
1.351133178625599,0.41790708503
0.791837995388831,0.398614696021
0.7059896886407157,0.166973818106
0.9420917810283637,0.412394593942
0.7013836406983667,0.26740951897
0.6871151188104472,0.366462985138
0,0.417780731836
0,0.402190523558
0,0.424438886061
0,0.414320838542
0,0.413438823115
0.24196518749304918,0.393176845445
0.4845676477267742,0.41029526579
1.4580343450581208,0.40754382487
1.4488672029707645,0.377896682041
0.9734491115970196,0.301884823418
1.2244778213198853,0.116441466049
1.2319997120411275,0.331435225526
0.7426401894585822,0.398968702342
0.963760048737794,0.389950751791
1.6298080692537857,0.339467742711
0,0.393530593768
0.5112266280069632,0.193412071916
0,0.228212074994
0.9058888224022187,0.314259278191
1.0371893594052097,0.306539199998
0.558645390521781,0.520338137907
2.004266656585362,0.206668005568
0,0.35340340312
0,0.350791891387
1.3237065142926296,0.375576044543
0.4084808678892655,0.192329894475
1.0781989540158399,0.368909503265
0.2285070060904728,0.355200388313
1.341478269534346,0.002881199581
1.3745472122108409,0.063030058258
1.100292039554994,0.310937390165
0,0.302842152617
0,0.354083240583
0.6834683111379882,0.299947693311
0,0.349250877634
1.1420078085885308,0.312618986974
1.4438898283949064,0.256741091689
0.2915072763807159,0.20613556649
0.2932210682467639,0.00589780611
0.5830417573538753,0.339714303173
1.1945764890166062,0.163304630705
1.2455081391683567,0.336307983276
0.29648332940641065,0.214780778454
0,0.012665475547
0.29998280801707455,0.323062845931
0.7311631648852334,0.498791304883
0,0.209332008189
0,0.362188590796
0,0.130181445048
0.3083175150769318,0.317434806242
1.2436745034811023,0.300185989658
0.2944753531848436,0.338699407965
0.808941406564488,0.317021988998
0.9982640065810503,0.309111591487
1.5969901300616471,0.224762707135
1.9519594365791821,0.307989340125
0,0.15334698926
0.8741766830401342,0.038769642327
1.328748772219529,0.284302054956
0.5962022504001153,0.276233409275
1.1178002374431795,0.28982407747
1.010588528521467,0.219374682009
0.34597796861902286,0.258094244091
1.0197104104586334,0.122334043439
1.2213738513666759,0.250317053289
0,0.284128238407
0,0.289663898672
0.6711617015575602,0.187935536126
1.4296155131382027,0.264023944023
1.6265090043758184,0.115669915202
1.0524884746105676,0.072469466646
0.410831541473948,0.142794471927
1.416269524254984,0.111843661755
0.706649556243874,0.230497376118
1.062860692755755,0.260973463992
1.0679889262949611,0.275841562823
1.9733647198598823,0.210572415472
0.37250047224286464,0.249239725227
0,0.263546861019
1.1230460951865688,0.266093461924
1.1301818791613278,0.252325764635
0.3730313886732234,0.165672065044
1.1404165730819595,0.266919342024
0.7484726685153584,0.145571524507
1.2779673580025024,0.076343841646
1.4436107845553205,0.236139203614
1.5415810789477882,0.245300905189
1.274044588583867,0.205086045656
1.9072031336449582,0.296835263888
0.39868465581533635,0.149277370001
1.0398294030891155,0.180783666272
0.8265429246526725,0.249529226082
0.4066435849321589,0.17756163031
1.2782175582732644,0.101440996351
0.42049932409817287,0.211837765671
2.093941543718347,0.149156998829
0.42830439925482355,0.230503064079
0.8617179765515929,0.228858304242
1.3082049947703775,0.228628524212
0,0.11461837705
0,0.201037267294
0,0.094096452155
1.2851327344167154,0.210556134283
0.9221460665313579,0.136017546115
0,0.169558863218
0.3483742234881595,0.052908257443
1.3653306978614097,0.197352340049
3.283026400508429,0.203537790788
0.43110822154915024,0.218536322935
1.3543231524549586,0.205919329782
0.4473382417955454,0.145261159883
1.4015056169381477,0.195117135477
0,0.193782206525
1.4029518938468808,0.032072073938
0.9392851816916727,0.204837927494
0.9259691857052851,0.211822621262
0.16069697168565653,0.199242249896
0,0.2154302642
1.3235812056053733,0.192941445791
0,0.185221849464
0.9819654188191553,0.182128038588
0.9763350674975354,0.149569674456
0.5065087575658588,0.156449998959
1.4868140823987959,0.174009003883
0.31579228562825185,0.146660054013
0,0.195148383003
1.9937727392185236,0.199447366373
1.8983966375912888,0.160740574911
0,0.167352898769
0,0.132374952341
0.5202559773311344,0.185714839164
0.7557995260617653,0.133391027093
0.9767443176523714,0.182536436309
0.5086881489185208,0.186107634189
2.037555537607743,0.176431169997
0.5126075777957426,0.142122071652
0,0.150456007802
0.8812527166934698,0.309790962493
0,0.155044328106
1.092063867717834,0.002964437992
1.1047344282539895,0.148366755989
0.6250263816597422,0.165382679355
2.4413161674877095,0.145933999452
0,0.007163660775
0,0.162580625279
1.6974572231788896,0.15320853072
1.6407428028176496,0.173368894975
0,0.174207040948
2.3463320815187996,0.161904113079
0,0.167421749196
1.0203014869387834,0.143091162355
0,0.083771420219
0,0.13462014801
1.8086494553517367,0.078687164367
0.08446818647928313,0.081855792015
2.4496109090888893,0.062106549393
0,0.161554824874
0,0.161433752142
0,0.212515547712
0.6187250465133969,0.139539340885
0,0.148434296397
0.8859049824817894,0.130623241093
0,0.154692793393
0.7078397401955531,0.152474368698
0.19393821532029645,0.110235686243
1.2852025687884479,0.115097721279
1.9451523978882193,0.152289801118
0,0.050494065493
0,0.14358674487
0.8218483139307092,0.150577517852
2.0090514132190496,0.123271485395
0.68096083293926,0.121200172411
0,0.145471448917
1.3867118712943183,0.137885923406
0,0.144259481021
0,0.14340859009
0.6912571081820315,0.094380462722
1.395860235315634,0.141402719722
0,0.096916806751
0,0.14079312155
0.7140929087618479,0.089074227942
1.4298575465402223,0.087409969787
0,0.138894287693
0,0.114397597422
1.4476901635229393,0.083496539494
0,0.13580019409
0.7285162392520774,0.087063804353
0.7303899232302966,0.13311539564
0.26597361507916495,0.131884572613
3.8210534208654248,0.118952309428
0,0.130379542594
1.5299477952658718,0.083532482959
0,0.128551359362
0,0.003555508721
0.7847225022270105,0.076699801062
0,0.12204235164
0,0.125635162432
0,0.126313269476
0,0.091132767712
0,0.120893145783
0,0.124124412269
1.1789736697458357,0.223289455309
0,0.094968056637
2.115129748957497,0.117359130685
0,0.122172751402
3.124089742357079,0.117809493635
0,0.096600262812
0.843150845940701,0.105894891008
0,0.118423871629
0,0.005453311645
0,0.060716218347
0,0.115904852882
0,0.048626712785
0,0.000001006245
0,0.087442672922
0.9095663945906108,0.05448003135
0,0.006135805073
0,0.11275146357
1.7569492498296315,0.102740042463
0,0.112403489798
0,0.023302932064
0,0.10048558768
0,0.000005735145
0,0.104082994006
0,0.036080924898
0,0.05940401312
0,0.10688391185
1.8479888451522677,0.096364592953
0.9246994452053882,0.104538975599
0,0.07238811351
0.9395710152791436,0.104435073458
0,0.150619327757
0.9506286858738089,0.09412452225
0,0.018664426092
0,0.000817729943
0,0.000072195075
0,0.001163907069
0.9748793779428129,0.037320157007
2.944806537725489,0.100098764071
0,0.078068451255
0.9851384072604558,0.087573961867
0,0.060008657438
0,0.101257437354
0.985496864444055,0.046416620616
0,0.084056673722
0.99239,0.000037756212
0,0.006971574735
0,0.099544499188
4.10233613822935,0.091986074111
0,0.096818458315
0,0.095774861831
0,0.094781838505
4.909620249680374,0.085409920412
0,0.033030752074
0.8743656615622438,0.088570023658
0,0.090725876484
1.1150712988372427,0.059403831904
0,0.060348585994
1.1544827090341434,0.078337802483
0,0.021793250401
0,0.07687039178
1.128741933303049,0.026378161114
0,0.084376423069
2.0931370158739506,0.057679820935
0.29018104848831,0.05701888912
1.189121530483881,0.032068520396
0,0.004212596353
0,0.08349403918
0,0.070493961403
0,0.070764867537
0,0.046472255279
0,0.08246267351
0,0.081619794817
0,0.049739515772
0,0.060248775979
0,0.079728847041
2.236034708760168,0.081789002233
1.3379365551613358,0.066323596905
0,0.0107947739
0,0.068248857675
0,0.075042436438
0,0.062853664065
0,0.001148549291
0,0.048403712901
2.7132482920959817,0.065089093433
0.26797073091866247,0.044396251376
1.3513156615031745,0.070550179967
0,0.058793953372
0,0.070690824115
0,0.006041462782
0,0.076291883323
0,0.069389606478
1.4487117437600074,0.017107438182
0,0.054648436273
0,0.000946362713
0,0.062846413728
0,0.056890639789
0,0.06759814103
0,0.04239649952
0,0.066805098525
0,0.069178122532
0,0.06604557808
0,0.065741491576
0,0.065109810305
0,0.038787133863
0,0.014295974178
0,0.063907383326
0,0.063084568873
0,0.043265082692
2.10557241973268,0.052218678857
0,0.043983479091
3.2087409239314453,0.060643326268
0,0.060725482625
0.2011916444292095,0.032419322499
0,0.06058627202
0,0.059171289966
0,0.059613037579
0,0.059212266696
0,0.006642620083
0,0.040457855557
0,0.048673180838
0,0.016953660958
0.22354548306491587,0.029555334587
0,0.00042867972
0,0.056985769979
0,0.029189843235
0,0.022912175292
0,0.056205009709
0,0.037743253867
0,0.000408199138
0,0.053042140433
0,0.0560869501
0,0.019630405974
0,0.05553747455
0,0.04138808413
3.6621961755396506,0.050876031491
0,0.034720889325
0,0.050512236378
0,0.052374935319
0,0.048500237563
0,0.044166320568
0,0.03939988989
0,0.049987029299
2.0127345403067514,0.040846152533
0,0.043411309867
0.33571043054989225,0.019993730495
0,0.035080499852
0,0.044368181383
0,0.029557297266
0,0.045080538975
0,0.040272234007
0,0.045805482655
0,0.024655566003
0,0.044600314509
0,0.038574466131
3.54593,0.015125804687
0,0.043185163078
0,0.04324336155
0,0.042989361348
0,0.018740120836
1.8670725506000316,0.089872202506
0,0.041485456987
0,0.034567927425
0,0.01580080311
0,0.041177784357
0,0.040452923128
0,0.040302618851
0,0.019864075447
0,0.039046963568
0,0.038892613362
0,0.000662035481
0,0.017826209349
0,0.004414255269
0,0.022012208142
0,0.037852390594
0,0.037023492456
0,0.0151232517
0,0.00000626974
0,0.035898191444
0,0.005482277682
0,0.002926187603
0,0.026664441954
0,0.002636398188
0,0.030596701111
0,0.001748241514
0,0.027582295458
0,0.035014959413
0,0.034920741708
0,0.0345642251
0,0.034658542469
0,0.034488945858
0,0.001634360845
0,0.013496059938
0,0.023303945079
0,0.032099710281
0,0.020170427056
0.9330695339026988,0.032409280264
0,0.001340564992
0,0.031560743631
0,0.031619773447
0,0.03085652943
0,0.019557470041
0,0.019101936728
0,0.026441600173
0,0.03013733106
0,0.005505556928
0.3387979893275572,0.001474718492
0,0.019473775774
0,0.028981184206
0,0.003703544697
0,0.028184760215
0,0.02526255786
0,0.026019185873
0,0.026687984833
0,0.027525317795
0,0.013784281173
0,0.025875523203
0,0.019472611277
0,0.02231673942
0,0.026573442145
0,0.02673503531
0,0.001616344308
0,0.024650619528
0,0.026484409245
0,0.026256304953
0,0.02606186538
0,0.026354910281
0.5916210445014145,1.488278283782
0,0.008313720294
0,0.023298741689
0,0.02531911313
0,0.012942916367
0,0.021360028137
0,0.011564435302
0,0.024670301813
0,0.023837220768
4.002123801594459,0.024233820877
0.9505128895187988,0.023395341091
0,0.023756091967
0,0.021959696525
0,0.026722193383
0,0.01907824443
7.836005968291968,0.000102083319
4.077121536683374,0.006160482738
0,0.052124193871
3.973390882889992,0.023003550119
0,0.023149364721
0,0.022247532497
0,0.02225144467
0,0.022128934465
0,0.018082839606
0,0.016970710657
0,0.008728525089
0,0.019790177208
0,0.014111730318
0,0.005437373945
0,0.000022825743
0,0.018711788606
0,0.02073618856
0,0.017057428118
0,0.020359775749
0,0.020048246219
0,0.003571947984
0,0.019828876707
0,0.019341569852
0,0.019639639941
0,0.00061909822
0,0.01357052745
0,0.018763427161
0,0.014689335415
0,0.017990485058
0,0.00710733226
0,0.015775638811
0.007120631543736444,2.088706288698
0,0.014110141342
0,0.005736202988
0,0.014225752856
0,0.004233496849
0,0.00615558566
0,0.015820515528
0,0.014828829608
0,0.012235000651
0,0.014182336517
0,0.016093637749
0,0.016045956258
0,0.01454290819
0,0.001630270278
0,0.005182171928
0.016029081036850943,0.018387975418
0,0.015318706492
0,0.010213089571
0,0.015055037879
0,0.014014063734
0,0.014785014207
0,0.014184131139
0,0.004657057455
0,0.013285252971
0,0.013417751002
0,0.000135076947
0,0.01146932812
0,0.001770362822
0,0.013574730253
0,0.013542726789
0,0.008528538891
0,0.013302088728
0,0.012632550015
0,0.012655162668
0,0.001296361827
0,0.013047910251
0,0.012893421922
0,0.011937782091
0,0.011713162941
0,0.012172398791
0,0.001127818401
0,0.012752256299
0,0.003812231516
0,0.012150290938
0,0.012455831426
0,0.001918831685
0,0.00282045951
0,0.012309794135
0,0.008095202714
0,0.000286706697
0,0.000980726076
0,0.001547111871
0,0.011910044942
0,0.011658877241
0,0.001608825932
0,0.011621602383
0,0.010159238937
0,0.011530049713
0,0.01072777914
0,0.041843226475
0,0.011255729751
0,0.0108027596
0,0.011124857359
0,0.011094767831
0,0.003453829583
0,0.010915790365
0,0.010750655804
0,0.000512096202
0,0.004725254793
0,0.000194821691
0,0.010147264303
0,0.009834881202
0,0.009689112058
0,0.004570005502
0,0.00992640665
0,0.009413056735
0,0.004816770625
0,0.004950199189
0,0.008632521565
0,0.009363260327
0,0.008924015749
0,0.00169049345
0,0.000001958735
0,0.004917879001
0,0.00387888235
0,0.009084488151
0,0.002733832268
0,0.009073692322
0,0.008952669767
0,0.008310828371
0,0.00888633797
0,0.000744804214
0,0.005887157448
0,0.005709695941
0,0.008581541675
0,0.007555378003
0,0.008323487764
0,0.003483553288
0,0.008343081774
0,0.007955537168
0,0.008256000806
0,0.002518484452
0,0.007875024694
0,0.000930750108
0,0.002936990163
0,0.000190618347
0,0.007504524822
0,0.007790824068
0,0.007786285385
0,0.001629511571
0,0.002837150979
0,0.006566076918
0,0.006008142706
0,0.00755139897
0,0.006523361214
0,0.000685586386
0,0.007291647383
0,0.006841999041
0,0.002252898424
0,0.006975726905
0,0.00718873703
0,0.007198556713
0,0.007152104936
0,0.005273820295
0,0.005965142878
0,0.006774562455
0,0.002304046602
0,0.000338448774
0,0.006930190528
0,0.006920168713
0,0.005614561009
0,0.006734267396
0,0.006713133499
0,0.006707636362
0,0.004189799085
0,0.000515544603
0,0.005072779743
0,0.00092937573
0,0.002457036767
0,0.00647500892
0,0.006256988126
0,0.00614881987
0,0.006185479391
0,0.000513092172
0,0.006096743241
0,0.00550390943
0,0.000254037608
0,0.004322077078
0,0.000002142645
0,0.005823039849
0,0.004804212197
0,0.00221628064
0,0.005707799034
0,0.003908047341
0,0.005504681863
0,0.005600127063
0,0.000558097346
0,0.005564407628
0,0.005515602338
0,0.004836996552
0,0.002333293473
0,0.000763364863
0,0.000287813863
0,0.005258416568
0,0.005164949759
0,0.001806332193
0,0.005092112977
0,0.005088195875
0,0.002616732582
0,0.005072334003
0,0.00081234072
0,0.000009541088
0,0.000003818195
0,0.004998698343
0,0.004518099844
0,0.003996977636
0,0.004704258282
0,0.004693420427
0,0.004807964337
0,0.004767462728
0,0.002761433126
0,0.007891898978
0,0.004051534215
0,0.00473138011
0,0.004596252209
0,0.003496262061
0,0.003879515317
0,0.004408306205
0,0.003493288192
0,0.004636075464
0,0.004519539885
0,0.004498393599
0,0.000387252732
0,0.004265205438
0,0.000829778912
0,0.004109059771
0,0.000354744935
0,0.002207720122
0,0.000066128961
0,0.004108515094
0,0.001930139114
0,0.001366079885
0,0.000368102033
0,0.003796200496
0,0.003890448415
0,0.003866076017
0,0.003841060475
0,0.001178696924
0,0.00377598782
0,0.003772954682
0,0.003245940599
0,0.001932089495
0,0.002164615433
0,0.003707804452
0,0.003653156184
0,0.001613715451
0,0.002288885039
0,0.000710483479
0,0.002348551462
0,0.002351796639
0,0.003520782752
0,0.001459700191
0,0.003496676876
0,0.002928316788
0,0.000011532196
0,0.003470017136
0,0.000666395344
0,0.002394340496
0,0.003396396549
0,0.002460871786
0,0.002867885054
0,0.000005250213
0,0.000359811685
0,0.003358671951
0,0.00291028887
0,0.00313751607
0,0.0024832078
0,0.003118739243
0,0.002842304308
0,0.00316771251
0,0.003163846739
0,0.003129743662
0,0.000051440702
0,0.002540227223
0,0.003070635955
0,0.00196003764
0,0.003040725967
0,0.002410145852
0,0.002695290812
0,0.002708874923
0,0.002899736444
0,0.002862781697
0,0.002845045326
0,0.002721231589
0,0.000780629982
0,0.002414691356
0,0.002816791026
0,0.002272726325
0,0.002799169685
0,0.001733541243
0,0.002228476592
0,0.000751059943
0,0.000865310941
0,0.002232038812
0,0.000033192608
0,0.002636377342
0,0.002671108363
0,0.001621370592
0,0.002579588877
0,0.002134996517
0,0.002510871934
0,0.00205353337
0,0.002534400511
0,0.00306492879
0,0.000552212655
0,0.002346806679
0,0.000308702918
0,0.001997825567
0,0.002377632886
0,0.000079481712
0,0.001142568097
0,0.002342381143
0,0.001291666649
0,0.002316823816
0,0.002258838632
0,0.002261966584
0,0.000956568958
0,0.000027396047
0,0.002086209318
0,0.001755880791
0,0.001097241874
0,0.000074828681
0,0.000659130765
0,0.000135350956
0,0.000975671535
0,0.000357465135
0,0.002134867149
0,0.000111950938
0,0.001606930644
0,0.001132401165
0,0.000105051699
0,0.002115669529
0,0.00208542539
0,0.000451477513
0,0.0020579788
0,0.002056260325
0,0.001550198409
0,0.001518680177
0,0.000007821299
0,0.00001788177
0,0.001574115123
0,0.001886656806
0,0.001894690707
0,0.000540644007
0,0.001787684341
0,0.001701739375
0,0.001828161971
0,0.00130096442
0,0.001566221529
0,0.001633550072
0,0.001746476899
0,0.001732950989
0,0.001679297269
0,0.000478782925
0,0.001695525796
0,0.001704777377
0,0.001594070204
0,0.000661026731
0,0.000514991533
0,0.00060685416
0,0.001156872912
0,0.000164389538
0,0.001618852696
0,0.001623523481
0,0.001728208379
0,0.000143155
0,0.001192470222
0,0.001381930164
0,0.001577507047
0,0.000327589537
0,0.001567639059
0,0.001010723868
0,0.001538385185
0,0.001536320677
0,0.001033648725
0,0.001528880844
0,0.000004243343
0,0.001228354677
0,0.000416746862
0,0.001002133247
0,0.001410739015
0,0.000008308317
0,0.000047835787
0,0.001376757037
0,0.001301768814
0,0.001021219212
0,0.001259476085
0,0.000080335424
0,0.001233000457
0,0.001336641259
0,0.00132756167
0,0.001311802855
0,0.001301776304
0,9.3797E-8
0,0.00011242393
0,0.008123302198
0,0.001299987829
0,6.24728E-7
0,0.001266398396
0,0.00050356798
0,0.000763458601
0,0.000226076614
0,0.001232792602
0,0.00009952627
0,0.000708722458
0,0.0012142165
0,0.001193573571
0,0.000992729797
0,0.000862289224
0,0.000159506465
0,0.001139138882
0,0.00000198691
0,0.001860412368
0,0.001010008458
0,0.000610763598
0,0.000715885973
0,0.000512723823
0,0.001096317894
0,0.000497837416
0,0.000083788301
0,0.001077593212
0,0.000075435349
0,0.00011329696
0,0.001066371834
0,0.00005389294
0,0.00005011259
0,0.000397425743
0,0.001054062539
0,0.000039083223
0,0.000045574031
0,0.000034455565
0,0.000700802119
0,0.00003500175
0,0.000012886729
0,0.000017624317
0,0.000030229153
0,0.000031989817
0,0.000031997844
0,0.000024735465
0,0.000519583177
0,0.000002315801
0,0.000002645307
0,0.000006277905
0,0.000943107679
0,0.001001676644
0,0.000495228556
0,0.000107825743
0,0.000745154514
0,0.000473188145
0,0.001002944665
0,0.000953300827
0,0.000835130879
0,0.00043798088
0,0.000849227195
0,0.000948175581
0,0.00094585325
0,0.000840840742
0,0.0000273693
0,0.000918828164
0,0.000910079869
0,0.000877698703
0,0.000905625683
0,0.000903951793
0,0.000313401754
0,0.000441196444
0,0.000380714801
0,0.000768558629
0,0.000872085077
0,0.000868680265
0,0.000002573461
0,0.000859572623
0,0.000027649506
0,0.00084403676
0,0.000742959221
0,0.000835407925
0,0.000824879569
0,0.000603954587
0,0.000816886634
0,0.000309735397
0,0.000809142273
0,0.00080264503
0,0.000801708186
0,0.000247641322
0,0.000183434315
0,0.000273247346
0,0.000666054417
0,0.000653204453
0,0.000320885342
0,0.000585226826
0,0.000716591821
0,0.000687039709
0,0.000720578026
0,0.000711063921
0,0.000698174236
0,0.000710703895
0,0.000697825699
0,0.000688824794
0,0.000098979668
0,0.00068082203
0,0.000514899289
0,0.000182628702
0,0.000651691346
0,0.000017201748
0,0.000139468391
0,0.000076644941
0,0.000628493535
0,0.000024356245
0,0.000625651486
0,0.000621049241
0,0.000164602279
0,0.000004776825
0,0.000502322816
0,0.000067118674
0,0.000096938961
0,0.000097624863
0,0.000487559418
0,0.000579753314
0,0.000577681232
0,0.000075295272
0,0.000462525699
0,0.000065222345
0,0.000566728519
0,0.00055146864
0,0.000041817598
0,0.000444504364
0,0.000551719342
0,0.000442984798
0,0.000535455827
0,0.000197811399
0,0.00003191038
0,0.000472258327
0,0.000007157735
0,0.000268153578
0,0.000359480878
0,0.000516044358
0,0.000009006987
0,0.000352609958
0,0.000029882197
0,0.000001071652
0,0.00001898253
0,0.000333933925
0,0.000012692499
0,2.1415E-7
0,0.000354631462
0,0.00000287332
0,0.000485503154
0,0.000223319606
0,0.000116353625
0,0.000470150759
0,0.000466984959
0,0.000466084377
0,0.000347708453
0,0.000454024863
0,0.000460377578
0,0.000110582561
0,0.000076923991
0,0.000447636349
0,0.000331044217
0,0.000424790062
0,0.000304061924
0,0.000043688798
0,0.000013138537
0,0.000416934572
0,0.000307734321
0,0.00026068695
0,0.000299783933
0,0.000293049895
0,0.000386785659
0,0.000359150532
0,0.00038491939
0,0.000380119872
0,0.0002229233
0,0.000378765116
0,0.000118888669
0,0.000375502478
0,0.000001
0,4.5223E-8
0,0.000347887492
0,0.000235709775
0,0.00033814151
0,0.000335031516
0,0.000326466865
0,0.000312875828
0,0.000106400037
0,0.000009737569
0,0.000203859751
0,0.000188023772
0,0.000288825743
0,0.000289237925
0,0.00019046422
0,0.000118230838
0,0.000154472238
0,0.00025864386
0,0.00015227078
0,0.000243759928
0,0.000240722383
0,0.000034825567
0,0.000025336555
0,0.000173449648
0,0.000220825857
0,2.3551E-8
0,0.000091163654
0,0.000214556624
0,0.000210069034
0,0.000209736273
0,0.000191181783
0,0.000100355483
0,0.000095312193
0,0.000097825743
0,0.000186021541
0,0.000028674473
0,0.000140093794
0,0.000070917336
0,0.000183363589
0,0.000068544128
0,0.000074554793
0,0.000170834409
0,0.000033315512
0,0.000174968922
0,0.000176458318
0,0.000049678021
0,0.00016462832
0,0.000057755733
0,0.000055591807
0,0.000160730261
0,0.000001257689
0,0.000007825699
0,0.000053848944
0,0.000133535229
0,2.34E-10
0,0.000147661322
0,0.000034143668
0,0.000034779067
0,3.15599E-7
0,0.000029979628
0,0.000134520635
0,0.000009745255
0,0.000016679693
0,0.000006970756
0,0.000123582984
0,0.000015641885
0,0.000015627409
0,0.000122517255
0,0.000001690386
0,0.000078835709
0,0.000008
0,0.000011449194
0,0.000016948336
0,0.00001
0,0.000002825743
0,0.000107990297
0,0.000107845589
0,0.000097825567
0,0.000105065694
0,5.66E-9
0,0.000010018613
0,0.000099294182
0,0.000105303081
0,0.000103484284
0,0.000096190209
0,0.000101080977
0,0.000100994052
0,0.000100025743
0,0.0001
0,0.0001
0,0.0001
0,0.000001444443
0,0.000098155917
0,0.000097755209
0,0.000097325875
0,0.000096656282
0,0.000001569355
0,0.00009364729
0,0.000096361091
0,0.00008082331
0,0.000079065199
0,0.000079039779
0,0.00007961058
0,0.000028016259
0,0.000022821299
0,0.00006388564
0,0.000002634492
0,0.000064838464
0,0.000066488296
0,0.000054043432
0,0.000059603626
0,0.0000594604
0,0.000055781085
0,0.000055651486
0,0.000055456744
0,0.000002964281
0,0.000053706194
0,0.00005369474
0,0.000049782708
0,0.000054272529
0,0.000026533507
0,0.000032733166
0,0.000045374293
0,0.000044304481
0,0.000041825743
0,0.000041543134
0,0.00004341725
0,0.000032482814
0,0.000013351318
0,0.000022000761
0,0.000040636532
0,0.000001162769
0,0.000001221941
0,0.000001885362
0,0.000035318136
0,0.000027631027
0,0.000017811399
0,0.000030580051
0,0.000029887832
0,0.000006056546
0,0.000026832004
0,0.000029962041
0,0.0000253
0,0.000029311557
0,0.000022650386
0,0.000001671442
0,0.000016820771
0,0.000024695898
0,0.000010192841
0,0.000011736849
0,0.000022109863
0,0.000010913622
0,0.000007124099
0,0.000006737591
0,0.00001725498
0,0.000016825743
0,0.000016614156
0,0.000016515204
0,0.000007813448
0,0.000022931848
0,0.000016068364
0,0.000014105396
0,0.000019559569
0,0.000001482069
0,0.000012440621
0,0.0000117
0,0.000011346026
0,0.000010984954
0,0.000010654258
0,0.000010395751
0,0.00001
0,0.00000163316
0,0.000299825567
0,0.000009133981
0,0.000010851369
0,0.000008755036
0,0.000008317875
0,0.000008249917
0,0.000007654258
0,0.000007654258
0,0.000007654258
0,0.000007654258
0,0.000007654258
0,0.000007654258
0,0.000007585987
0,7.9113E-8
0,0.000001955065
0,0.000003892702
0,4.77966E-7
0,6.5868E-8
0,0.00000299007
0,0.000004193094
0,0.000004581261
0,0.000003678935
0,0.000002015999
0,0.000001693756
0,0.000002562761
0,0.000004664004
0,0.000001957114
0,0.000001467466
0,0.000001800569
0,2.37116E-7
0,0.000006646636
0,0.000025218187
0,0.000003957573
0,2.92118E-7
0,8.60051E-7
0,6.8645E-7
0,0.000004427641
0,0.000001426208
0,0.000004595125
0,0.000001
0,0.000001293033
0,0.0000023138
0,0.000001109016
0,1.3127E-8
